ITEM,ProductId,Price,Categories,Image Link,Size
almonds,558925278,277,dry fruit,https://res.cloudinary.com/pooja-gera/image/upload/v1630832310/flipsmart-assets/dry%20fruit/almonds_ymbx1k.jpg,1 Kg Packet
antioxydant juice,1304196062,127,beverage,https://res.cloudinary.com/pooja-gera/image/upload/v1630831366/flipsmart-assets/beverages/antioxydant_juice_betlvp.jpg,Small Can
asparagus,1304665704,233,fresh produce,https://res.cloudinary.com/pooja-gera/image/upload/v1630833782/flipsmart-assets/fresh%20produce/asparagus_e9njfz.jpg,1 Kg Packet
avocado,733001998,226,fresh produce,https://res.cloudinary.com/pooja-gera/image/upload/v1630834013/flipsmart-assets/fresh%20produce/avocado_xofpd5.jpg,1 Kg Packet
babies food,6169040335,121,ready to eat,https://res.cloudinary.com/pooja-gera/image/upload/v1630835230/flipsmart-assets/ready%20to%20eat/babies_food_r0qa5g.jpg,Large Box
bacon,6152000416,136,meat,https://res.cloudinary.com/pooja-gera/image/upload/v1630834198/flipsmart-assets/meat/bacon_expuuo.png,1 Kg Packet
barbecue sauce,6041134511,251,ready to eat,https://res.cloudinary.com/pooja-gera/image/upload/v1630835230/flipsmart-assets/ready%20to%20eat/barbeque_sauce_jthmkm.jpg,Small Jar
black tea,6117043058,100,beverage,https://res.cloudinary.com/pooja-gera/image/upload/v1630831364/flipsmart-assets/beverages/black_tea_ssdbs6.jpg,Small Can
blueberries,6162751473,155,fresh produce,https://res.cloudinary.com/pooja-gera/image/upload/v1630833781/flipsmart-assets/fresh%20produce/blueberries_qsolet.jpg,1 Kg Packet
body spray,7539914718,151,extras,https://res.cloudinary.com/pooja-gera/image/upload/v1630833253/flipsmart-assets/extras/body_spray_g0ryfs.jpg,1 L Bottle
bramble,5357955743,155,fresh produce,https://res.cloudinary.com/pooja-gera/image/upload/v1630833782/flipsmart-assets/fresh%20produce/bramble_nhh2eo.jpg,1 Kg Packet
brownies,6022600790,161,ready to eat,https://res.cloudinary.com/pooja-gera/image/upload/v1630835231/flipsmart-assets/ready%20to%20eat/brownies_ziviym.jpg,1 Packet
bug spray,3423470476,188,extras,https://res.cloudinary.com/pooja-gera/image/upload/v1630833253/flipsmart-assets/extras/bug_spray_cv3es9.jpg,Large Can
burger sauce,5357955454,161,ready to eat,https://res.cloudinary.com/pooja-gera/image/upload/v1630835232/flipsmart-assets/ready%20to%20eat/burger_sauce_og8kwx.jpg,1 Kg Packet
burgers,1304482596,270,ready to eat,https://res.cloudinary.com/pooja-gera/image/upload/v1630835233/flipsmart-assets/ready%20to%20eat/burgers_smjogg.jpg,1 Piece
butter,1987958179,237,dairy,https://res.cloudinary.com/pooja-gera/image/upload/v1630832036/flipsmart-assets/dairy/butter_ndww9u.jpg,100 gm Packet
cake,4057362797,116,ready to eat,https://res.cloudinary.com/pooja-gera/image/upload/v1630835232/flipsmart-assets/ready%20to%20eat/cake_ak1pyv.jpg,1 Packet
candy bars,3227001055,191,ready to eat,https://res.cloudinary.com/pooja-gera/image/upload/v1630835232/flipsmart-assets/ready%20to%20eat/candy_bars_tsc8ek.jpg,1 Piece
carrots,1906987238,287,fresh produce,https://res.cloudinary.com/pooja-gera/image/upload/v1630833782/flipsmart-assets/fresh%20produce/carrots_inbift.jpg,1 Kg Packet
cauliflower,6165151329,229,fresh produce,https://res.cloudinary.com/pooja-gera/image/upload/v1630833781/flipsmart-assets/fresh%20produce/cauliflower_tcrq9h.jpg,1 Kg Packet
cereals,5357955972,132,ready to eat,https://res.cloudinary.com/pooja-gera/image/upload/v1630835231/flipsmart-assets/ready%20to%20eat/cereals_awu6zw.jpg,Small Box
champagne,1304665720,296,beverage,https://res.cloudinary.com/pooja-gera/image/upload/v1630831365/flipsmart-assets/beverages/champagne_spf2ar.jpg,1 L Bottle
chicken,1451646526,194,meat,https://res.cloudinary.com/pooja-gera/image/upload/v1630834200/flipsmart-assets/meat/chicken_a7z845.jpg,1 Kg Packet
chili,6041134494,143,fresh produce,https://res.cloudinary.com/pooja-gera/image/upload/v1630833781/flipsmart-assets/fresh%20produce/chili_am60kg.jpg,1 Kg Packet
chocolate,1304651088,225,ready to eat,https://res.cloudinary.com/pooja-gera/image/upload/v1630835232/flipsmart-assets/ready%20to%20eat/chocolate_knoh6p.jpg,1 Piece
chocolate bread,6022600812,228,ready to eat,https://res.cloudinary.com/pooja-gera/image/upload/v1630835230/flipsmart-assets/ready%20to%20eat/chocolate_bread_uxqptc.jpg,1 Loaf
chutney,1304482634,170,ready to eat,https://res.cloudinary.com/pooja-gera/image/upload/v1630835233/flipsmart-assets/ready%20to%20eat/chutney_xcydxh.jpg,Small Jar
cider,5357955314,261,beverage,https://res.cloudinary.com/pooja-gera/image/upload/v1630831365/flipsmart-assets/beverages/cider_xztdl8.jpg,1 L Bottle
clothes accessories,1304651029,209,extras,https://res.cloudinary.com/pooja-gera/image/upload/v1630833252/flipsmart-assets/extras/clothes_accessories_ds2t02.jpg,1 Piece
cookies,1304511124,214,ready to eat,https://res.cloudinary.com/pooja-gera/image/upload/v1630835233/flipsmart-assets/ready%20to%20eat/cookies_mkrvuu.jpg,Small Pack
cooking oil,3227001381,206,essentials,https://res.cloudinary.com/pooja-gera/image/upload/v1630832817/flipsmart-assets/essentials/cooking_oil_pvo8lr.jpg,1 L Bottle
corn,6022600685,110,fresh produce,https://res.cloudinary.com/pooja-gera/image/upload/v1630833781/flipsmart-assets/fresh%20produce/corn_j9znqp.jpg,Small Pack
cottage cheese,1304140894,270,dairy,https://res.cloudinary.com/pooja-gera/image/upload/v1630832036/flipsmart-assets/dairy/cottage_cheese_mlr4ii.jpg,0.5 Kg Packet
cream,7535842801,161,dairy,https://res.cloudinary.com/pooja-gera/image/upload/v1630832036/flipsmart-assets/dairy/cream_ets7n8.jpg,Small Jar
dessert wine,5357956227,158,beverage,https://res.cloudinary.com/pooja-gera/image/upload/v1630831364/flipsmart-assets/beverages/dessert_wine_ui1iog.jpg,1 L Bottle
eggplant,5357955867,276,fresh produce,https://res.cloudinary.com/pooja-gera/image/upload/v1630833781/flipsmart-assets/fresh%20produce/eggplant_in3xhm.jpg,1 Kg Packet
eggs,1304511111,257,meat,https://res.cloudinary.com/pooja-gera/image/upload/v1630834200/flipsmart-assets/meat/eggs_nwlksd.jpg,1 Crate
energy bar,1304622657,285,ready to eat,https://res.cloudinary.com/pooja-gera/image/upload/v1630835233/flipsmart-assets/ready%20to%20eat/energy_bar_xnc0jo.jpg,1 Piece
energy drink,1304146434,235,beverage,https://res.cloudinary.com/pooja-gera/image/upload/v1630831366/flipsmart-assets/beverages/energy_drink_ri8rhj.jpg,1 Piece
escalope,1304624498,291,meat,https://res.cloudinary.com/pooja-gera/image/upload/v1630834199/flipsmart-assets/meat/escalope_lwps66.jpg,1 Kg Packet
essentials,1457982633,146,essentials,https://res.cloudinary.com/pooja-gera/image/upload/v1630832818/flipsmart-assets/essentials/essentials_oippga.jpg,1 Packet
extra dark chocolate,6165290582,298,ready to eat,https://res.cloudinary.com/pooja-gera/image/upload/v1630835230/flipsmart-assets/ready%20to%20eat/extra_dark_chocoloate_i2hffd.jpg,1 Piece
flax seed,5357956014,124,essentials,https://res.cloudinary.com/pooja-gera/image/upload/v1630832817/flipsmart-assets/essentials/flax_seed_ook0ay.jpg,1 Kg Packet
french fries,1304511081,280,ready to eat,https://res.cloudinary.com/pooja-gera/image/upload/v1630835233/flipsmart-assets/ready%20to%20eat/french_fries_p5wau6.jpg,Small Pack
french wine,1412759676,232,beverage,https://res.cloudinary.com/pooja-gera/image/upload/v1630831365/flipsmart-assets/beverages/french_wine_shb7kx.jpg,1 L Bottle
fresh bread,6022600744,244,ready to eat,https://res.cloudinary.com/pooja-gera/image/upload/v1630835231/flipsmart-assets/ready%20to%20eat/fresh_bread_yuyau9.jpg,1 Loaf
fresh tuna,1304622665,200,meat,https://res.cloudinary.com/pooja-gera/image/upload/v1630834199/flipsmart-assets/meat/fresh_tuna_hmr5ku.jpg,1 Kg Packet
fromage blanc,6022600804,248,dairy,https://res.cloudinary.com/pooja-gera/image/upload/v1630832037/flipsmart-assets/dairy/fromage_blanc_lgapmr.jpg,0.5 Kg Packet
frozen smoothie,1304196070,129,beverage,https://res.cloudinary.com/pooja-gera/image/upload/v1630831366/flipsmart-assets/beverages/frozen_smoothie_zvge5k.jpg,Small Can
frozen vegetables,1304511073,160,fresh produce,https://res.cloudinary.com/pooja-gera/image/upload/v1630833783/flipsmart-assets/fresh%20produce/frozen_vegetables_rvbn7q.jpg,1 Kg Packet
gluten free bar,6041134473,187,ready to eat,https://res.cloudinary.com/pooja-gera/image/upload/v1630835230/flipsmart-assets/ready%20to%20eat/gluten_free_bar.jpg_wjhned.jpg,1 Piece
grated cheese,1304651104,287,dairy,https://res.cloudinary.com/pooja-gera/image/upload/v1630832036/flipsmart-assets/dairy/grated_cheese_fxyoip.jpg,0.5 Kg Packet
green beans,5357955786,170,fresh produce,https://res.cloudinary.com/pooja-gera/image/upload/v1630833782/flipsmart-assets/fresh%20produce/green_beans_vorjec.jpg,1 Kg Packet
green grapes,762451459,254,fresh produce,https://res.cloudinary.com/pooja-gera/image/upload/v1630833783/flipsmart-assets/fresh%20produce/green_grapes_kq9btt.jpg,1 Kg Packet
green tea,1304168522,271,beverage,https://res.cloudinary.com/pooja-gera/image/upload/v1630831365/flipsmart-assets/beverages/green_tea_vtqvgo.jpg,Small Can
ground beef,1304622428,166,meat,https://res.cloudinary.com/pooja-gera/image/upload/v1630834199/flipsmart-assets/meat/ground_beef_cduyzi.jpg,1 Kg Packet
gums,5357955948,248,ready to eat,https://res.cloudinary.com/pooja-gera/image/upload/v1630835231/flipsmart-assets/ready%20to%20eat/bubble_gums_aas6gv.jpg,1 Piece
ham,1304665784,238,meat,https://res.cloudinary.com/pooja-gera/image/upload/v1630834200/flipsmart-assets/meat/ham_falxaj.jpg,1 Kg Packet
hand protein bar,7538650584,297,ready to eat,https://res.cloudinary.com/pooja-gera/image/upload/v1630835230/flipsmart-assets/ready%20to%20eat/hand_protein_bar_qihbi2.jpg,2 Piece
herb & pepper,1304622460,255,essentials,https://res.cloudinary.com/pooja-gera/image/upload/v1630832818/flipsmart-assets/essentials/herb_and_pepper_zkgzid.jpg,Small Box
honey,1304174778,108,ready to eat,https://res.cloudinary.com/pooja-gera/image/upload/v1630835234/flipsmart-assets/ready%20to%20eat/honey_nta4wj.jpg,Small Jar
hot dogs,4057362894,137,ready to eat,https://res.cloudinary.com/pooja-gera/image/upload/v1630835232/flipsmart-assets/ready%20to%20eat/hot_dogs_nj4oh0.jpg,1 Piece
ketchup,7119018714,233,ready to eat,https://res.cloudinary.com/pooja-gera/image/upload/v1630835229/flipsmart-assets/ready%20to%20eat/ketchup_jrxxkp.jpg,1 L Bottle
light cream,6053640972,210,dairy,https://res.cloudinary.com/pooja-gera/image/upload/v1630832035/flipsmart-assets/dairy/light_cream_m0dv8z.jpg,Small Jar
light mayo,3222000565,124,dairy,https://res.cloudinary.com/pooja-gera/image/upload/v1630832035/flipsmart-assets/dairy/light_mayo_zzmzcx.jpg,Small Jar
low fat yogurt,1304146744,130,dairy,https://res.cloudinary.com/pooja-gera/image/upload/v1630832036/flipsmart-assets/dairy/low_fat_yogurt_kigagg.jpg,Small Can
magazines,4057553908,272,extras,https://res.cloudinary.com/pooja-gera/image/upload/v1630833252/flipsmart-assets/extras/magazines_g0ef0g.jpg,1 Piece
mashed potato,6040652705,280,ready to eat,https://res.cloudinary.com/pooja-gera/image/upload/v1630835231/flipsmart-assets/ready%20to%20eat/mashed_potato_fvj8vc.jpg,1 Kg Packet
mayonnaise,5357954771,169,dairy,https://res.cloudinary.com/pooja-gera/image/upload/v1630832035/flipsmart-assets/dairy/mayonnaise_wxrpjk.jpg,Small Jar
meatballs,1304511146,212,ready to eat,https://res.cloudinary.com/pooja-gera/image/upload/v1630835233/flipsmart-assets/ready%20to%20eat/meatballs_ig9w2s.jpg,Medium Pack
melons,6175005589,251,fresh produce,https://res.cloudinary.com/pooja-gera/image/upload/v1630833780/flipsmart-assets/fresh%20produce/melons_ht78yp.jpg,1 Kg Packet
milk,3292000971,257,dairy,https://res.cloudinary.com/pooja-gera/image/upload/v1630832038/flipsmart-assets/dairy/milk_xzg4in.jpg,1 L Bottle
mineral water,1304174905,151,beverage,https://res.cloudinary.com/pooja-gera/image/upload/v1630831366/flipsmart-assets/beverages/mineral_water_tr0gnw.jpg,1 L Bottle
mint,1304651347,220,essentials,https://res.cloudinary.com/pooja-gera/image/upload/v1630832819/flipsmart-assets/essentials/mint_n5nuno.jpg,100 gm Packet
mint green tea,6117036094,244,beverage,https://res.cloudinary.com/pooja-gera/image/upload/v1630831365/flipsmart-assets/beverages/mint_green_tea_kcufpt.jpg,Small Can
muffins,1403790965,278,ready to eat,https://res.cloudinary.com/pooja-gera/image/upload/v1630835232/flipsmart-assets/ready%20to%20eat/muffins_mys0sd.jpg,1 Packet
mushroom cream sauce,5357955905,146,ready to eat,https://res.cloudinary.com/pooja-gera/image/upload/v1630835231/flipsmart-assets/ready%20to%20eat/mushroom_cream_pakjit.jpg,Small Jar
napkins,7883633309,148,extras,https://res.cloudinary.com/pooja-gera/image/upload/v1630833253/flipsmart-assets/extras/napkins_xvzw1y.jpg,1 Packet
nonfat milk,5357955751,154,dairy,https://res.cloudinary.com/pooja-gera/image/upload/v1630832035/flipsmart-assets/dairy/nonfat_milk_i6bjks.jpg,1 L Bottle
oatmeal,7800558258,105,ready to eat,https://res.cloudinary.com/pooja-gera/image/upload/v1630835230/flipsmart-assets/ready%20to%20eat/oatmeal_huczwe.jpg,Large Box
oil,3602116004,277,essentials,https://res.cloudinary.com/pooja-gera/image/upload/v1630832817/flipsmart-assets/essentials/oil_tu4ibz.jpg,1 L Bottle
olive oil,1304351475,268,essentials,https://res.cloudinary.com/pooja-gera/image/upload/v1630832818/flipsmart-assets/essentials/olive_oil_iofygr.jpg,1 L Bottle
panready to eat,1879187396,149,ready to eat,https://res.cloudinary.com/pooja-gera/image/upload/v1630835232/flipsmart-assets/ready%20to%20eat/panready_to_eat_qdiayd.jpg,1 Packet
parmesan cheese,1304622223,256,dairy,https://res.cloudinary.com/pooja-gera/image/upload/v1630832036/flipsmart-assets/dairy/parmesan_cheese_ay2wlp.jpg,0.5 Kg Packet
pasta,6578345490,150,ready to eat,https://res.cloudinary.com/pooja-gera/image/upload/v1632384411/flipsmart-assets/ready%20to%20eat%20new/pasta_pzm9cl.jpg,1 Packet
pepper,3227000754,228,essentials,https://res.cloudinary.com/pooja-gera/image/upload/v1630832818/flipsmart-assets/essentials/pepper_ikcrlh.jpg,Small Box
pet food,4057362967,219,ready to eat,https://res.cloudinary.com/pooja-gera/image/upload/v1630835232/flipsmart-assets/ready%20to%20eat/pet_food_iwk8kz.jpg,Large Box
pickles,1304622622,167,ready to eat,https://res.cloudinary.com/pooja-gera/image/upload/v1630835233/flipsmart-assets/ready%20to%20eat/pickles_lrlo9n.jpg,Small Jar
protein bar,5297000963,163,ready to eat,https://res.cloudinary.com/pooja-gera/image/upload/v1630835232/flipsmart-assets/ready%20to%20eat/protein_bar_pppvfp.jpg,1 Piece
red wine,1304511154,184,beverage,https://res.cloudinary.com/pooja-gera/image/upload/v1630831365/flipsmart-assets/beverages/red_wine_lmrllr.jpg,1 L Bottle
rice,1304622193,126,essentials,https://res.cloudinary.com/pooja-gera/image/upload/v1630832818/flipsmart-assets/essentials/rice_wyxega.jpg,1 Kg Packet
salad,1304174867,270,fresh produce,https://res.cloudinary.com/pooja-gera/image/upload/v1630833783/flipsmart-assets/fresh%20produce/salad_qmzj4u.jpg,0.5 Kg Packet
salmon,1304196046,260,meat,https://res.cloudinary.com/pooja-gera/image/upload/v1630834200/flipsmart-assets/meat/salmon_i0k6kb.jpg,0.5 Kg Packet
salt,4057362843,144,essentials,https://res.cloudinary.com/pooja-gera/image/upload/v1630832817/flipsmart-assets/essentials/salt_hi1ebl.jpg,0.5 Kg Packet
sandwich,4057368825,194,ready to eat,https://res.cloudinary.com/pooja-gera/image/upload/v1630835232/flipsmart-assets/ready%20to%20eat/sandwich_qc4ywt.jpg,1 Box
shallot,1929099886,203,fresh produce,https://res.cloudinary.com/pooja-gera/image/upload/v1630833782/flipsmart-assets/fresh%20produce/shallot_nprsur.jpg,1 Kg Packet
shampoo,6162071103,124,extras,https://res.cloudinary.com/pooja-gera/image/upload/v1630833252/flipsmart-assets/extras/shampoo_ieatxs.jpg,1 L Bottle
shrimp,205616461,170,meat,https://res.cloudinary.com/pooja-gera/image/upload/v1630834200/flipsmart-assets/meat/shrimp_fhqra1.jpg,1 Kg Packet
soda,5357956111,125,beverage,https://res.cloudinary.com/pooja-gera/image/upload/v1630831365/flipsmart-assets/beverages/soda_eu8bmc.png,Small Can
soup,1304495396,164,ready to eat,https://res.cloudinary.com/pooja-gera/image/upload/v1630835233/flipsmart-assets/ready%20to%20eat/soup_pr8jb1.jpg,Small Can
spaghetti,1304511138,297,essentials,https://res.cloudinary.com/pooja-gera/image/upload/v1630832818/flipsmart-assets/essentials/spaghetti_tumged.jpg,Small Pack
sparkling water,1304622452,278,beverage,https://res.cloudinary.com/pooja-gera/image/upload/v1630831365/flipsmart-assets/beverages/sparkling_water_ygndmn.jpg,1 L Bottle
spinach,1304196135,114,fresh produce,https://res.cloudinary.com/pooja-gera/image/upload/v1630833783/flipsmart-assets/fresh%20produce/spinach_zwooxu.jpg,1 Kg Packet
strawberries,5357955832,256,fresh produce,https://res.cloudinary.com/pooja-gera/image/upload/v1630833782/flipsmart-assets/fresh%20produce/strawberries_lsgfl5.jpg,1 Kg Packet
strong cheese,4057362886,287,dairy,https://res.cloudinary.com/pooja-gera/image/upload/v1630832035/flipsmart-assets/dairy/strong_cheese_k4i2mq.jpg,0.5 Kg Packet
tea,7883527428,168,beverage,https://res.cloudinary.com/pooja-gera/image/upload/v1630831364/flipsmart-assets/beverages/tea_llxje1.webp,Small Can
tomato juice,1304146537,220,beverage,https://res.cloudinary.com/pooja-gera/image/upload/v1630831365/flipsmart-assets/beverages/tomato_juice_cjmgwp.jpg,Small Can
tomato sauce,1304624544,236,ready to eat,https://res.cloudinary.com/pooja-gera/image/upload/v1630835233/flipsmart-assets/ready%20to%20eat/tomato_sauce_sc9gu2.jpg,1 L Bottle
tomatoes,1572671203,180,fresh produce,https://res.cloudinary.com/pooja-gera/image/upload/v1630833782/flipsmart-assets/fresh%20produce/tomatoes_dsdios.jpg,1 Kg Packet
toothpaste,6175005570,273,extras,https://res.cloudinary.com/pooja-gera/image/upload/v1630833252/flipsmart-assets/extras/toothpaste_tssciz.jpg,1 Box
turkey,1304482685,159,meat,https://res.cloudinary.com/pooja-gera/image/upload/v1630834200/flipsmart-assets/meat/turkey_jnt99m.jpg,1 Kg Packet
vegetables mix,737104473,227,fresh produce,https://res.cloudinary.com/pooja-gera/image/upload/v1630833783/flipsmart-assets/fresh%20produce/vegetables_mix_a4ezfz.jpg,1 Kg Packet
water spray,7842953384,263,extras,https://res.cloudinary.com/pooja-gera/image/upload/v1630833252/flipsmart-assets/extras/water_spray_oyateq.webp,2 L Bottle
white wine,6167061580,237,beverage,https://res.cloudinary.com/pooja-gera/image/upload/v1630831364/flipsmart-assets/beverages/white_wine_u8pipn.jpg,1 L Bottle
whole weat flour,1304139212,131,essentials,https://res.cloudinary.com/pooja-gera/image/upload/v1630832818/flipsmart-assets/essentials/whole_wheat_flour_elry6s.jpg,1 Kg Packet
whole wheat essentials,1304488608,161,essentials,https://res.cloudinary.com/pooja-gera/image/upload/v1630832819/flipsmart-assets/essentials/whole_wheat_essentials_eivder.jpg,5 Kg Packet
whole wheat pasta,7509341356,190,ready to eat,https://res.cloudinary.com/pooja-gera/image/upload/v1632384413/flipsmart-assets/ready%20to%20eat%20new/whole_wheat_pasta_yg17pt.jpg,1 Packet
whole wheat rice,4057363823,128,essentials,https://res.cloudinary.com/pooja-gera/image/upload/v1630832817/flipsmart-assets/essentials/whole_wheat_rice_knavmm.jpg,5 Kg Packet
yams,1304139220,279,fresh produce,https://res.cloudinary.com/pooja-gera/image/upload/v1630833783/flipsmart-assets/fresh%20produce/yams_myzjls.jpg,1 Kg Packet
yogurt cake,1304651118,282,ready to eat,https://res.cloudinary.com/pooja-gera/image/upload/v1630835232/flipsmart-assets/ready%20to%20eat/yogurt_cake_rbkhoh.jpg,1 Packet
zucchini,7806397051,231,fresh produce,https://res.cloudinary.com/pooja-gera/image/upload/v1630833781/flipsmart-assets/fresh%20produce/zucchini_gcem9k.jpg,1 Kg Packet
glucose energy drink,12324565879,267,beverage,https://res.cloudinary.com/pooja-gera/image/upload/v1632384541/flipsmart-assets/beverages%20new/glucose_energy_drink_mza2vk.jpg,1 Piece
tomato soup,12324565880,169,beverage,https://res.cloudinary.com/pooja-gera/image/upload/v1632384542/flipsmart-assets/beverages%20new/tomato_soup_v0dwhz.jpg,Small Can
honey lemon green tea,12324565881,125,beverage,https://res.cloudinary.com/pooja-gera/image/upload/v1632384541/flipsmart-assets/beverages%20new/honey_lemon_green_tea_wfdpxq.jpg,Small Can
water,12324565882,222,beverage,https://res.cloudinary.com/pooja-gera/image/upload/v1632384542/flipsmart-assets/beverages%20new/water_z7qjvu.jpg,1 L Bottle
antioxydant sour juice,12324565883,180,beverage,https://res.cloudinary.com/pooja-gera/image/upload/v1632384540/flipsmart-assets/beverages%20new/antioxydant_sour_juice_r110ho.jpg,Small Can
smoothie,12324565884,284,beverage,https://res.cloudinary.com/pooja-gera/image/upload/v1632384542/flipsmart-assets/beverages%20new/smoothie_vr7qao.png,Small Can
aged red wine,12324565885,151,beverage,https://res.cloudinary.com/pooja-gera/image/upload/v1632384540/flipsmart-assets/beverages%20new/aged_red_wine_hmwxra.jpg,1 L Bottle
strawberry sparkling water,12324565886,224,beverage,https://res.cloudinary.com/pooja-gera/image/upload/v1632384541/flipsmart-assets/beverages%20new/strawberry_sparkling_water_h8mz6o.jpg,1 L Bottle
aged champagne,12324565887,133,beverage,https://res.cloudinary.com/pooja-gera/image/upload/v1632384540/flipsmart-assets/beverages%20new/aged_champagne_izmd2g.jpg,1 L Bottle
french red wine,12324565888,152,beverage,https://res.cloudinary.com/pooja-gera/image/upload/v1632384541/flipsmart-assets/beverages%20new/french_red_wine_zcovuw.jpg,1 L Bottle
apple cider,12324565889,169,beverage,https://res.cloudinary.com/pooja-gera/image/upload/v1632384540/flipsmart-assets/beverages%20new/apple_cider_erqv0t.jpg,1 L Bottle
orange soda,12324565890,208,beverage,https://res.cloudinary.com/pooja-gera/image/upload/v1632384541/flipsmart-assets/beverages%20new/orange_soda_bhlxut.jpg,Small Can
grape wine,12324565891,150,beverage,https://res.cloudinary.com/pooja-gera/image/upload/v1632384541/flipsmart-assets/beverages%20new/grape_wine_n5qmuk.jpg,1 L Bottle
strong mint green tea,12324565892,128,beverage,https://res.cloudinary.com/pooja-gera/image/upload/v1632384541/flipsmart-assets/beverages%20new/strong_mint_green_tea_uhzsem.jpg,Small Can
lemon black tea,12324565893,144,beverage,https://res.cloudinary.com/pooja-gera/image/upload/v1632384541/flipsmart-assets/beverages%20new/lemon_black_tea_bch5xi.jpg,Small Can
aged white wine,12324565894,262,beverage,https://res.cloudinary.com/pooja-gera/image/upload/v1632384540/flipsmart-assets/beverages%20new/aged_white_wine_ub4zfi.jpg,1 L Bottle
assamese tea,12324565895,136,beverage,https://res.cloudinary.com/pooja-gera/image/upload/v1632384540/flipsmart-assets/beverages%20new/assamese_tea_gvlmlo.jpg,Small Can
cheddar cheese,12324565896,177,dairy,https://res.cloudinary.com/pooja-gera/image/upload/v1632384564/flipsmart-assets/dairy%20new/cheddar_cheese_qv8bb8.jpg,0.5 Kg Packet
frozen yogurt,12324565897,218,dairy,https://res.cloudinary.com/pooja-gera/image/upload/v1632384564/flipsmart-assets/dairy%20new/frozen_yogurt_wa5xlk.jpg,Small Can
Parmigiano Reggiano,12324565898,284,dairy,https://res.cloudinary.com/pooja-gera/image/upload/v1632384565/flipsmart-assets/dairy%20new/parmigiano_reggiano_nkazqi.jpg,0.5 Kg Packet
sliced cheese,12324565899,102,dairy,https://res.cloudinary.com/pooja-gera/image/upload/v1632384565/flipsmart-assets/dairy%20new/sliced_cheese_vng8ik.jpg,0.5 Kg Packet
salted butter,12324565900,204,dairy,https://res.cloudinary.com/pooja-gera/image/upload/v1632384565/flipsmart-assets/dairy%20new/salted_butter_wibdyf.jpg,100 gm Packet
flavored mayo,12324565901,251,dairy,https://res.cloudinary.com/pooja-gera/image/upload/v1632384564/flipsmart-assets/dairy%20new/flavored_mayo_xbcoog.jpg,Small Jar
toned milk,12324565902,240,dairy,https://res.cloudinary.com/pooja-gera/image/upload/v1632384565/flipsmart-assets/dairy%20new/toned_milk_hndeew.jpg,1 L Bottle
smelly cheese,12324565903,223,dairy,https://res.cloudinary.com/pooja-gera/image/upload/v1632384565/flipsmart-assets/dairy%20new/smelly_cheese_lqtuuy.jpg,0.5 Kg Packet
mayonnaise dip,12324565904,272,dairy,https://res.cloudinary.com/pooja-gera/image/upload/v1632384564/flipsmart-assets/dairy%20new/mayonnaise_dip_gaycwy.jpg,Small Jar
fat milk,12324565905,281,dairy,https://res.cloudinary.com/pooja-gera/image/upload/v1632384564/flipsmart-assets/dairy%20new/fat_milk_pvdw4g.jpg,1 L Bottle
sliced fromage blanc ,12324565906,172,dairy,https://res.cloudinary.com/pooja-gera/image/upload/v1632384565/flipsmart-assets/dairy%20new/sliced_fromage_blanc_eyepqz.jpg,0.5 Kg Packet
whipped cream,12324565907,199,dairy,https://res.cloudinary.com/pooja-gera/image/upload/v1632384565/flipsmart-assets/dairy%20new/whipped_cream_f4elnd.jpg,Small Jar
mango cream,12324565908,182,dairy,https://res.cloudinary.com/pooja-gera/image/upload/v1632384564/flipsmart-assets/dairy%20new/mango_cream_fqiht2.jpg,Small Jar
roasted almonds,12324565909,289,dry fruit,https://res.cloudinary.com/pooja-gera/image/upload/v1630832310/flipsmart-assets/dry%20fruit/almonds_ymbx1k.jpg,1 Kg Packet
multigrained flour,12324565910,147,essentials,https://res.cloudinary.com/pooja-gera/image/upload/v1632384594/flipsmart-assets/essentials%20new/multigrained_flour_mun8w2.jpg,1 Kg Packet
canola olive oil,12324565911,299,essentials,https://res.cloudinary.com/pooja-gera/image/upload/v1632384593/flipsmart-assets/essentials%20new/canola_olive_oil_rkz4hr.jpg,1 L Bottle
multi-purpose essentials,12324565912,128,essentials,https://res.cloudinary.com/pooja-gera/image/upload/v1632384594/flipsmart-assets/essentials%20new/multi_purpose_essentials_odab21.jpg,5 Kg Packet
cooked spaghetti,12324565913,198,essentials,https://res.cloudinary.com/pooja-gera/image/upload/v1632384593/flipsmart-assets/essentials%20new/cooked_spaghetti_oxuhxu.jpg,Small Pack
basmati rice,12324565914,138,essentials,https://res.cloudinary.com/pooja-gera/image/upload/v1632384593/flipsmart-assets/essentials%20new/basmati_rice_prxcvq.jpg,1 Kg Packet
seasoned herb & pepper,12324565915,208,essentials,https://res.cloudinary.com/pooja-gera/image/upload/v1632384595/flipsmart-assets/essentials%20new/seasoned_herb_and_pepper_loexoq.jpg,Small Box
mint powder,12324565916,120,essentials,https://res.cloudinary.com/pooja-gera/image/upload/v1632384594/flipsmart-assets/essentials%20new/mint_powder_uaaxab.jpg,100 gm Packet
pepper powder ,12324565918,286,essentials,https://res.cloudinary.com/pooja-gera/image/upload/v1632384595/flipsmart-assets/essentials%20new/peper_powder_ryefh4.jpg,Small Box
low fat cooking oil,12324565919,287,essentials,https://res.cloudinary.com/pooja-gera/image/upload/v1632384594/flipsmart-assets/essentials%20new/low_fat_cooking_oil_sso6fe.jpg,1 L Bottle
coconut oil,12324565920,247,essentials,https://res.cloudinary.com/pooja-gera/image/upload/v1632384593/flipsmart-assets/essentials%20new/coconut_oil_c6fxkd.jpg,1 L Bottle
rock salt,12324565921,106,essentials,https://res.cloudinary.com/pooja-gera/image/upload/v1632384595/flipsmart-assets/essentials%20new/rock_salt_wiiman.jpg,0.5 Kg Packet
brown rice,12324565922,218,essentials,https://res.cloudinary.com/pooja-gera/image/upload/v1632384593/flipsmart-assets/essentials%20new/__opt__aboutcom__coeus__resources__content_migration__simply_recipes__uploads__2019__08__HT-Stovetop-Brown-Rice-LEAD-2-805ee4ce64084a4c8414ce740569eeb5_p3hkay.jpg,5 Kg Packet
flax seed powder,12324565923,217,essentials,https://res.cloudinary.com/pooja-gera/image/upload/v1632384594/flipsmart-assets/essentials%20new/flax_seed_powder_nfsysk.png,1 Kg Packet
lawn bug spray,12324565925,163,extras,https://res.cloudinary.com/pooja-gera/image/upload/v1632384625/flipsmart-assets/extras%20new/lawn_bug_spray_zhbros.jpg,Large Can
karetin shampoo,12324565927,206,extras,https://res.cloudinary.com/pooja-gera/image/upload/v1632384625/flipsmart-assets/extras%20new/keratin_shampoo_nf8cem.jpg,1 L Bottle
salted toothpaste,12324565928,203,extras,https://res.cloudinary.com/pooja-gera/image/upload/v1632384625/flipsmart-assets/extras%20new/salted_toothpaste_fubtrt.png,1 L Bottle
lavender body spray,12324565929,181,extras,https://res.cloudinary.com/pooja-gera/image/upload/v1632384625/flipsmart-assets/extras%20new/lavender_body_spray_zlbc5n.jpg,1 L Bottle
water spray jet,12324565930,276,extras,https://res.cloudinary.com/pooja-gera/image/upload/v1632384625/flipsmart-assets/extras%20new/water_spray_jet_njctnb.jpg,1 Packet
cloth napkins,12324565931,245,extras,https://res.cloudinary.com/pooja-gera/image/upload/v1632384625/flipsmart-assets/extras%20new/cloth_napkins_temich.jpg,1 Packet
mexican avocado,12324565932,189,fresh produce,https://res.cloudinary.com/pooja-gera/image/upload/v1632384488/flipsmart-assets/fresh%20produce%20new/mexican_avocado_fovzx8.jpg,1 Kg Packet
frozon vegetables mix,12324565933,126,fresh produce,https://res.cloudinary.com/pooja-gera/image/upload/v1632384488/flipsmart-assets/fresh%20produce%20new/frozen_vegetables_mixed_xxv9oe.jpg,1 Kg Packet
purple grapes,12324565934,237,fresh produce,https://res.cloudinary.com/pooja-gera/image/upload/v1632384489/flipsmart-assets/fresh%20produce%20new/purple_grapes_hhncfd.jpg,1 Kg Packet
african yams,12324565935,262,fresh produce,https://res.cloudinary.com/pooja-gera/image/upload/v1632384487/flipsmart-assets/fresh%20produce%20new/african_yams_lhcpxy.jpg,1 Kg Packet
frozen salad,12324565936,151,fresh produce,https://res.cloudinary.com/pooja-gera/image/upload/v1632384488/flipsmart-assets/fresh%20produce%20new/frozen_salad_sfhqtq.jpg,0.5 Kg Packet
dry spinach,12324565937,187,fresh produce,https://res.cloudinary.com/pooja-gera/image/upload/v1632384488/flipsmart-assets/fresh%20produce%20new/dry_spinach_ilzlot.jpg,1 Kg Packet
baked vegetables,12324565938,216,fresh produce,https://res.cloudinary.com/pooja-gera/image/upload/v1632384487/flipsmart-assets/fresh%20produce%20new/baked_vegetables_ltxsbz.jpg,1 Kg Packet
baked asparagus,12324565939,240,fresh produce,https://res.cloudinary.com/pooja-gera/image/upload/v1632384487/flipsmart-assets/fresh%20produce%20new/baked_asparagus_tkgjbr.jpg,1 Kg Packet
tomatoes puree,12324565940,160,fresh produce,https://res.cloudinary.com/pooja-gera/image/upload/v1632384489/flipsmart-assets/fresh%20produce%20new/tomato_puree_dhrxxf.jpg,1 Kg Packet
baby carrots ,12324565941,287,fresh produce,https://res.cloudinary.com/pooja-gera/image/upload/v1632384487/flipsmart-assets/fresh%20produce%20new/baby_carrots_vvpavc.jpg,1 Kg Packet
pink shallot,12324565942,178,fresh produce,https://res.cloudinary.com/pooja-gera/image/upload/v1632384489/flipsmart-assets/fresh%20produce%20new/pink_shallot_idvrgn.jpg,1 Kg Packet
blue berry,12324565943,286,fresh produce,https://res.cloudinary.com/pooja-gera/image/upload/v1632384488/flipsmart-assets/fresh%20produce%20new/blue_berry_lsiwoc.jpg,1 Kg Packet
beans,12324565944,138,fresh produce,https://res.cloudinary.com/pooja-gera/image/upload/v1632384488/flipsmart-assets/fresh%20produce%20new/beans.jpg_dpp32j.jpg,1 Kg Packet
white strawberries,12324565945,267,fresh produce,https://res.cloudinary.com/pooja-gera/image/upload/v1632384489/flipsmart-assets/fresh%20produce%20new/white_strawberries_eaw4a6.jpg,1 Kg Packet
baby eggplant,12324565946,169,fresh produce,https://res.cloudinary.com/pooja-gera/image/upload/v1632384487/flipsmart-assets/fresh%20produce%20new/baby_eggplant_gdomlv.jpg,1 Kg Packet
baby corn,12324565947,270,fresh produce,https://res.cloudinary.com/pooja-gera/image/upload/v1632384487/flipsmart-assets/fresh%20produce%20new/baby_corn_zlej7z.jpg,Small Pack
green chili,12324565948,299,fresh produce,https://res.cloudinary.com/pooja-gera/image/upload/v1632384488/flipsmart-assets/fresh%20produce%20new/green_chili_qfofr3.jpg,1 Kg Packet
bramble,12324565949,284,fresh produce,https://res.cloudinary.com/pooja-gera/image/upload/v1632384488/flipsmart-assets/fresh%20produce%20new/bramble_kes1cz.jpg,1 Kg Packet
chopped cauliflower,12324565950,165,fresh produce,https://res.cloudinary.com/pooja-gera/image/upload/v1632384488/flipsmart-assets/fresh%20produce%20new/chopped_cauliflower_ghvgqu.jpg,1 Kg Packet
musk melons,12324565951,197,fresh produce,https://res.cloudinary.com/pooja-gera/image/upload/v1632384488/flipsmart-assets/fresh%20produce%20new/musk_melons_kjn0sn.jpg,1 Kg Packet
black beauty zucchini,12324565952,127,fresh produce,https://res.cloudinary.com/pooja-gera/image/upload/v1632384487/flipsmart-assets/fresh%20produce%20new/black_beauty_zucchini_nmlejf.jpg,1 Kg Packet
salted shrimp,12324565953,106,meat,https://res.cloudinary.com/pooja-gera/image/upload/v1632384512/flipsmart-assets/meat%20new/salted_shrimp_ec0mw3.jpg,1 Kg Packet
baked salmon,12324565954,140,meat,https://res.cloudinary.com/pooja-gera/image/upload/v1632384511/flipsmart-assets/meat%20new/baked_salmon_nhalv5.jpg,0.5 Kg Packet
baked turkey,12324565955,290,meat,https://res.cloudinary.com/pooja-gera/image/upload/v1632384511/flipsmart-assets/meat%20new/baked_turkey_kpug8f.jpg,1 Kg Packet
boiled eggs,12324565956,286,meat,https://res.cloudinary.com/pooja-gera/image/upload/v1632384512/flipsmart-assets/meat%20new/boiled_eggs_spzpzo.jpg,1 Crate
salted ground beef,12324565957,213,meat,https://res.cloudinary.com/pooja-gera/image/upload/v1632384512/flipsmart-assets/meat%20new/salted_ground_beef_otb8sm.jpg,1 Kg Packet
fresh chopped tuna,12324565958,182,meat,https://res.cloudinary.com/pooja-gera/image/upload/v1632384512/flipsmart-assets/meat%20new/fresh_chopped_tuna_jqgmvy.jpg,1 Kg Packet
cooked escalope,12324565959,279,meat,https://res.cloudinary.com/pooja-gera/image/upload/v1632384511/flipsmart-assets/meat%20new/cooked_escalope_mvcysl.jpg,1 Kg Packet
cooked ham,12324565960,228,meat,https://res.cloudinary.com/pooja-gera/image/upload/v1632384511/flipsmart-assets/meat%20new/cooked_ham_njpspl.jpg,1 Kg Packet
baked chicken,12324565961,249,meat,https://res.cloudinary.com/pooja-gera/image/upload/v1632384511/flipsmart-assets/meat%20new/baked_chicken_ix0g0v.jpg,1 Kg Packet
fried bacon,12324565962,168,meat,https://res.cloudinary.com/pooja-gera/image/upload/v1632384512/flipsmart-assets/meat%20new/fried_bacon_gbtyoy.jpg,1 Kg Packet
golden honey,12324565963,166,ready to eat,https://res.cloudinary.com/pooja-gera/image/upload/v1632384410/flipsmart-assets/ready%20to%20eat%20new/golden_honey_qidsuf.jpg,Small Jar
veg burgers,12324565964,165,ready to eat,https://res.cloudinary.com/pooja-gera/image/upload/v1632384412/flipsmart-assets/ready%20to%20eat%20new/veg_burger_loafww.jpg,1 Piece
pudina chutney,12324565965,241,ready to eat,https://res.cloudinary.com/pooja-gera/image/upload/v1632384412/flipsmart-assets/ready%20to%20eat%20new/pudina_chutney_fnglvo.jpg,Small Jar
sweet corn soup,12324565966,172,ready to eat,https://res.cloudinary.com/pooja-gera/image/upload/v1632384412/flipsmart-assets/ready%20to%20eat%20new/sweet_corn_soup_tuebdb.jpg,Small Can
peri peri french fries,12324565967,290,ready to eat,https://res.cloudinary.com/pooja-gera/image/upload/v1632384411/flipsmart-assets/ready%20to%20eat%20new/peri_peri_french_fries_yfk1ns.jpg,Small Pack
choco chip cookies,12324565968,273,ready to eat,https://res.cloudinary.com/pooja-gera/image/upload/v1632384409/flipsmart-assets/ready%20to%20eat%20new/choco_chip_cookies_ybrbpr.jpg,Small Pack
fried meatballs,12324565969,148,ready to eat,https://res.cloudinary.com/pooja-gera/image/upload/v1632384410/flipsmart-assets/ready%20to%20eat%20new/fried_meatballs_xyye9q.jpg,Medium Pack
mango pickles,12324565970,134,ready to eat,https://res.cloudinary.com/pooja-gera/image/upload/v1632384410/flipsmart-assets/ready%20to%20eat%20new/mango_pickle_mstnmj.jpg,Small Jar
glucose energy bar,12324565971,216,ready to eat,https://res.cloudinary.com/pooja-gera/image/upload/v1632384410/flipsmart-assets/ready%20to%20eat%20new/glucose_energy_bar_ah9xbs.jpg,1 Piece
tomato ketch up,12324565972,104,ready to eat,https://res.cloudinary.com/pooja-gera/image/upload/v1632384412/flipsmart-assets/ready%20to%20eat%20new/tomato_ketchup_z3qfw2.jpg,1 L Bottle
dark chocolate,12324565973,241,ready to eat,https://res.cloudinary.com/pooja-gera/image/upload/v1632384410/flipsmart-assets/ready%20to%20eat%20new/dark_chocolate_l33mly.jpg,1 Piece
vanila cake,12324565974,299,ready to eat,https://res.cloudinary.com/pooja-gera/image/upload/v1632384412/flipsmart-assets/ready%20to%20eat%20new/vanilla_cake_r9cumv.jpg,1 Packet
choco chip muffins,12324565975,207,ready to eat,https://res.cloudinary.com/pooja-gera/image/upload/v1632384409/flipsmart-assets/ready%20to%20eat%20new/choco_chip_muffins_zph0uk.jpg,1 Packet
chewy candy bars,12324565977,174,ready to eat,https://res.cloudinary.com/pooja-gera/image/upload/v1632384409/flipsmart-assets/ready%20to%20eat%20new/chewy_candy_bars_fzoqfb.jpg,1 Packet
dark forest cake,12324565978,224,ready to eat,https://res.cloudinary.com/pooja-gera/image/upload/v1632384409/flipsmart-assets/ready%20to%20eat%20new/dark_forest_cake_pqqqyh.jpg,1 Piece
mustard hot dogs,12324565979,250,ready to eat,https://res.cloudinary.com/pooja-gera/image/upload/v1632384411/flipsmart-assets/ready%20to%20eat%20new/mustard_hot_dogs_fcgxoe.jpg,1 Piece
dog pet food,12324565980,200,ready to eat,https://res.cloudinary.com/pooja-gera/image/upload/v1632384410/flipsmart-assets/ready%20to%20eat%20new/cream_sauce_ioefs1.jpg,Large Box
cheese sandwich,12324565981,179,ready to eat,https://res.cloudinary.com/pooja-gera/image/upload/v1632384409/flipsmart-assets/ready%20to%20eat%20new/cheese_sandwich_jbaxhn.jpg,1 Box
protein fat bar,12324565982,169,ready to eat,https://res.cloudinary.com/pooja-gera/image/upload/v1632384412/flipsmart-assets/ready%20to%20eat%20new/protein_fat_bar_caao9a.jpg,1 Piece
burger mayo,12324565983,133,ready to eat,https://res.cloudinary.com/pooja-gera/image/upload/v1632384408/flipsmart-assets/ready%20to%20eat%20new/burger_mayo_wxbt66.jpg,1 Kg Packet
cream sauce,12324565984,226,ready to eat,https://res.cloudinary.com/pooja-gera/image/upload/v1632384410/flipsmart-assets/ready%20to%20eat%20new/cream_sauce_ioefs1.jpg,Small Jar
bubble gums,12324565985,237,ready to eat,https://res.cloudinary.com/pooja-gera/image/upload/v1632384408/flipsmart-assets/ready%20to%20eat%20new/bubble_gums_iswrv1.jpg,1 Piece
oat cereals,12324565986,299,ready to eat,https://res.cloudinary.com/pooja-gera/image/upload/v1632384411/flipsmart-assets/ready%20to%20eat%20new/oat_cereals_bn70wz.jpg,Small Box
brown bread,12324565987,259,ready to eat,https://res.cloudinary.com/pooja-gera/image/upload/v1632384409/flipsmart-assets/ready%20to%20eat%20new/brown_bread_hcgce6.png,1 Loaf
browny fudge ,12324565988,103,ready to eat,https://res.cloudinary.com/pooja-gera/image/upload/v1632384409/flipsmart-assets/ready%20to%20eat%20new/browny_fudge_vbo96b.jpg,1 Packet
multi-grain bread,12324565989,275,ready to eat,https://res.cloudinary.com/pooja-gera/image/upload/v1632384411/flipsmart-assets/ready%20to%20eat%20new/multi_grain_bread_cqiwjf.jpg,1 Loaf
potato chips,12324565990,160,ready to eat,https://res.cloudinary.com/pooja-gera/image/upload/v1632384411/flipsmart-assets/ready%20to%20eat%20new/potato_chips_g7ot4p.jpg,1 Kg Packet
gluten free chocolate bar,12324565991,246,ready to eat,https://res.cloudinary.com/pooja-gera/image/upload/v1632384410/flipsmart-assets/ready%20to%20eat%20new/gluten_free_chocolate_bar_tqs8ht.jpg,1 Piece
barbecue powder,12324565992,253,ready to eat,https://res.cloudinary.com/pooja-gera/image/upload/v1632384408/flipsmart-assets/ready%20to%20eat%20new/burger_mayo_wxbt66.jpg,Small Jar
white chocolate,12324565993,192,ready to eat,https://res.cloudinary.com/pooja-gera/image/upload/v1632384412/flipsmart-assets/ready%20to%20eat%20new/white_chocolate_tkbklx.png,1 Piece
strawberry babies food,12324565994,285,ready to eat,https://res.cloudinary.com/pooja-gera/image/upload/v1632384412/flipsmart-assets/ready%20to%20eat%20new/strawberry_baby_food_tc3dqm.jpg,Large Box
tomato chutney,12324565995,190,ready to eat,https://res.cloudinary.com/pooja-gera/image/upload/v1632384412/flipsmart-assets/ready%20to%20eat%20new/tomato_chutney_jba2t3.jpg,1 L Bottle
protein bar,12324565996,264,ready to eat,https://res.cloudinary.com/pooja-gera/image/upload/v1632384411/flipsmart-assets/ready%20to%20eat%20new/protein_bar_fljos8.jpg,2 Piece
masala oatmeal,12324565997,175,ready to eat,https://res.cloudinary.com/pooja-gera/image/upload/v1632384410/flipsmart-assets/ready%20to%20eat%20new/masala_oatmeal_f9l6l5.jpg,Large Box
whole wheat spagetti,12324565998,150,ready to eat,https://res.cloudinary.com/pooja-gera/image/upload/v1632384413/flipsmart-assets/ready%20to%20eat%20new/whole_wheat_spaghetti_jax7bm.jpg,1 Packet
oat pasta,12324565999,230,ready to eat,https://res.cloudinary.com/pooja-gera/image/upload/v1632384411/flipsmart-assets/ready%20to%20eat%20new/oat_pasta_udjb20.jpg,1 Packet
